﻿DRILLING_REPORT,DRILLING_PROBLEM,DRILLING_PROBLEM_DETAIL
1,WOW,ProblemDetailWaitingOnWeather
2,WOW,ProblemDetailWaitingOnWeather
3,WOW,ProblemDetailWaitingOnWeather
4,WOW,ProblemDetailWaitingOnWeather
5,WOW,ProblemDetailWaitingOnWeather
6,WOW,ProblemDetailWaitingOnWeather
7,WOW,ProblemDetailWaitingOnWeather
8,WOW,ProblemDetailWaitingOnWeather
9,WOW,ProblemDetailWaitingOnWeather
10,WOW,ProblemDetailWaitingOnWeather
11,WOW,ProblemDetailWaitingOnWeather
12,WOW,ProblemDetailWaitingOnWeather
13,WOW,ProblemDetailWaitingOnWeather
14,WOW,ProblemDetailWaitingOnWeather
15,WOW,ProblemDetailWaitingOnWeather
16,WOW,ProblemDetailWaitingOnWeather
17,WOW,ProblemDetailWaitingOnWeather
18,WOW,ProblemDetailWaitingOnWeather
19,WOW,ProblemDetailWaitingOnWeather
20,WOW,ProblemDetailWaitingOnWeather
21,WOW,ProblemDetailWaitingOnWeather
22,WOW,ProblemDetailWaitingOnWeather
23,WOW,ProblemDetailWaitingOnWeather
24,WOW,ProblemDetailWaitingOnWeather
25,WOW,ProblemDetailWaitingOnWeather
26,WOW,ProblemDetailWaitingOnWeather
27,WOW,ProblemDetailWaitingOnWeather
28,WOW,ProblemDetailWaitingOnWeather
29,WOW,ProblemDetailWaitingOnWeather
30,WOW,ProblemDetailWaitingOnWeather
31,WOW,ProblemDetailWaitingOnWeather
32,WOW,ProblemDetailWaitingOnWeather
33,WOW,ProblemDetailWaitingOnWeather
34,WOW,ProblemDetailWaitingOnWeather
35,Fishing,ProblemDetailFishing
36,Fishing,ProblemDetailFishing
37,Fishing,ProblemDetailFishing
38,Fishing,ProblemDetailFishing
39,Fishing,ProblemDetailFishing
40,Fishing,ProblemDetailFishing
41,Fishing,ProblemDetailFishing
42,Fishing,ProblemDetailFishing
43,Fishing,ProblemDetailFishing
44,Fishing,ProblemDetailFishing
45,Fishing,ProblemDetailFishing
46,Fishing,ProblemDetailFishing
47,Fishing,ProblemDetailFishing
48,Fishing,ProblemDetailFishing
49,Fishing,ProblemDetailFishing
50,Fishing,ProblemDetailFishing
51,Fishing,ProblemDetailFishing
52,Fishing,ProblemDetailFishing
53,Fishing,ProblemDetailFishing
54,Fishing,ProblemDetailFishing
55,Fishing,ProblemDetailFishing
56,Fishing,ProblemDetailFishing
57,Fishing,ProblemDetailFishing
58,Fishing,ProblemDetailFishing
59,Fishing,ProblemDetailFishing
60,Fishing,ProblemDetailFishing
61,Fishing,ProblemDetailFishing
62,Fishing,ProblemDetailFishing
63,Fishing,ProblemDetailFishing
64,Fishing,ProblemDetailFishing
65,Fishing,ProblemDetailFishing
66,Fishing,ProblemDetailFishing
67,Fishing,ProblemDetailFishing
68,Fishing,ProblemDetailFishing
69,Fishing,ProblemDetailFishing
70,Fishing,ProblemDetailFishing