﻿WELL_ID,COMPANY,COMPANY_NAME,WELL_NAME,RIG_ID,RIG_NAME,LATITUDE,LONGITUDE
177000010301,02316,"Vastar Offshore, Inc.",A001 ST01BP00,28536,DIAMOND OCEAN SPUR,29.62643463,-93.03469455
177000013501,02316,"Vastar Offshore, Inc.",D001 ST01BP00,28536,DIAMOND OCEAN SPUR,29.51189514,-93.27552343
177000015801,01834,Stone Energy Corporation,002 ,5710,HERCULES 156,29.38995745,-93.01459116
177002004401,00105,Apache Corporation,003 ST01BP00,4813,NOBLE JOHN SANDIFER,29.42296014,-93.16508564
177002006502,02525,Westport Resources Corporation,CA002 ST02BP00,28541,DIAMOND OCEAN CRUSADER,29.35871609,-93.20055029
177004005201,01071,"Conn Energy, Inc.",A003 ST01BP00,90818,GSF MAIN PASS IV,29.396255,-93.25101488
177004006901,01071,"Conn Energy, Inc.",A005 ,45481,NABORS S.D. II,29.39629102,-93.25099673
177004007801,01071,"Conn Energy, Inc.",A009 ST01BP00,4810,ENTERPRISE 214,29.39625031,-93.250949
177004009101,01046,The Houston Exploration Company,004 ST01BP00,91219,ENSCO 98,29.40348222,-93.16938806
177004015302,00003,Union Oil Company of California,A003 ,12014,HERCULES 202,28.79434431,-93.02154729
177004020601,00078,Chevron U.S.A. Inc.,015 ST01BP00,45177,NOBLE EARL FREDRICKSON,29.68155624,-93.72762348
177004020801,00105,Apache Corporation,B009 ST01BP00,28535,DIAMOND OCEAN SPARTAN,29.64627646,-93.14210888
177004025001,02851,"Mariner Energy Resources, Inc.",010 ST01BP00,12022,HERCULES 200,29.50456071,-93.27711069
177004025901,01819,ATP Oil & Gas Corporation,A003 ST01BP00,93513,HERCULES 152,29.10773811,-93.08510171
177004025903,01819,ATP Oil & Gas Corporation,A003 ST02BP00,93513,HERCULES 152,29.10773811,-93.08510171
177004036603,00114,BP America Production Company,C002 ST03BP00,91249,ENSCO 81,29.64886667,-93.13116389
177004037001,00145,J. M. Huber Corporation,A008 ,90918,SEAHAWK 2005,29.1140902,-93.13845517
177004038401,00105,Apache Corporation,009 ST01BP00,4813,NOBLE JOHN SANDIFER,29.42301165,-93.16494207
177004042902,00114,BP America Production Company,D007 ST02BP00,91249,ENSCO 81,29.66002861,-93.10215306