﻿id,well,date,comment,drillingProblem
DP_0001,177000010301,01/29/04,01/29/04: Installed blk/TEC flange. Tested to 10K w/N2. Staged blk master valve assy to the + 40 deck. WOW. Installed 2/way check valve. Tested same to 10K w/N2.,8430958162958
DP_0002,177000010301,03/25/04,"03/25/04: CREW CHANGE, WOW, R/U SLICKLINE",8430958162958
DP_0003,177000010302,06/27/04,06/27/04: WOW. Start RU equipment. PU on tbg to 6000#. Test lub to 6000#. Set CIBP @ 12030' MD. POOH. Test 13-3/8 x 9-5/8 annulus to 1500# for 15 min. Good test.,8430958162958
DP_0004,177000010302,06/09/04,06/09/04: RD SL.  ND BOPs & NU tree.  WOW to move off location.,8430958162958
DP_0005,177000015801,06/06/04,06/06/04: Installed rental casing valve on 10-3/4 production casing spool. WOW. RD and changed out HR 5100 coil tubing injector head with HR 480.,8430958162958
DP_0006,177000015801,05/30/04,5/30/04 - WOW.,8430958162958
DP_0007,177002004401,10/28/04,"10/28/04 - RIH w/ 2-1/2 kickover w/ pulling tool, pulled @ 8133 WLM. WOW.",8430958162958
DP_0008,177002004401,10/30/04,"10/30/04 - WOW. ran and set new gas lift valves @ 7513 and 8133 WLM, pressure tested tbg to 1200 psi, test good, opened well to test, opened well to gas lift.  FINAL REPORT",8430958162958
DP_0009,177002006502,02/24/06,02/24/2006:  Finished preloading.  WOW to tie-up workboat.,8430958162958
DP_0010,177002006502,03/11/06,"3/11/06 - POOH L/D perforating assembly. All shots fired. Downloaded BHP gauges. GIH w/screen assembly and TIH. Snapped in & out of sump packer @10,515'. WOW.",8430958162958
DP_0011,177004005201,03/07/06,03/07/06 - Arrived on location. Pre-loaded. WOW.,8430958162958
DP_0012,177004005201,03/08/06,3/08/06:  R/U RISER & HYDRIL.  WOW - HIGH WIND & SEAS.,8430958162958
DP_0013,177004006901,02/28/06,2/28/06:  SHUT SCSSV.  BLED DOWN & R/U TO SET BPV. WOW.,8430958162958
DP_0014,177004006901,03/09/06,03/09/06 - TIH with GP assembly and tagged at 4954'. WOW.,8430958162958
DP_0015,177004007801,03/08/06,03/08/06 - Maintained constant pressure on well to prevent further influx while WOW.,8430958162958
DP_0016,177004007801,03/09/06,03/09/06 WOW. High seas.,8430958162958
DP_0017,177004009101,03/09/06,03/09/06 - WOW. Displaced well with 9.0 ppg CaCl2.,8430958162958
DP_0018,177004009101,03/09/06,3/09/06:  WOW - WINDS & SEAS HIGH.  GENERATORS REPAIR & TESTED OK.,8430958162958
DP_0019,177004015302,03/10/06,3/10/06:  WOW - WINDS & SEAS HIGH.,8430958162958
DP_0020,177004015302,03/13/06,03/13/06 - WOW.  RU BOPs.,8430958162958
DP_0021,177004020601,03/12/06,3/12/06:  WOW. TEST LUB TO 250/5000 PSI.  MADE GR RUN TO 14168' (TOC).  POOH.  R/D SL.,8430958162958
DP_0022,177004020601,03/12/06,"03/12/2006 - WOW.  RU cement unit, RU & tested BOPE , tested lines to 5500 psi, ok.",8430958162958
DP_0023,177004020801,03/19/06,03/19/06 - Arrived on location.  RU CT.  Tested CT BOPs (250/5000 psi).  RIH pumping N2.  Stopped CT @ 2000'. WOW.,8430958162958
DP_0024,177004020801,03/19/06,3/19/06 - Installed nav-aids and prepared for rig move. WOW.,8430958162958
DP_0025,177004025001,03/19/06,3/19/06 - Rigging up. WOW.,8430958162958
DP_0026,177004025001,03/23/06,03/23/2006:  Finished testing BOP's.  WOW to offload equipment from workboat.,8430958162958
DP_0027,177004025901,03/20/06,3/20/06 TLP Marco Polo flowed well. WOW.,8430958162958
DP_0028,177004025903,03/19/06,3/19/06 Conducted safety meeting & JSA. Offloaded acid. RU equipment. WOW.,8430958162958
DP_0029,177004025903,03/26/06,3/26/06 - 3/28/06 WOW. Functioned BOPs on both yellow & blue pods. RD test lines. POOH.,8430958162958
DP_0030,177004036603,05/25/07,5/25/2007  WOW / SET TUBING HEAD SPOOL IF WEATHER PERMITS,8430958162958
DP_0031,177004036603,05/27/07,5/27/2007  WOW / SET THS AS WEATHER PERMITS,8430958162958
DP_0032,177004036603,09/15/07,9/15/07  Rig MO location.  WOW to move CT on location.,8430958162958
DP_0033,177004037001,09/20/07,09/20/07 - WOW,8430958162958
DP_0034,177004037001,03/21/06,03/21/06  Cont. jarring on fish.  POOH.  TIH w/spear assy to 1198'; engaged fish - POOH w/fish.  Attempted to jar on fish; unsuccessful.  POOH.,8749285959175
DP_0035,177004038401,08/01/06,8/1/06 - RIH with gauge ring & tagged up at 574' (unable to go deeper). POOH & LD prong.  TIH with fishing tool string & attempted to latch (no success).  RD SL.,8749285959175
DP_0036,177004038401,08/07/06,8/7/06 - TIH with RS pulling tool & latched fish at 7400'.  POOH.  LD fish.  RD SL.  RU pump on SS.  Attempted to establish injection rate.,8749285959175
DP_0037,177004042902,08/01/06,8/1/06 Worked over plug but could not latch.  Attempted to latch fish with no success.  POOH.,8749285959175
DP_0038,177004042902,07/12/04,07/12/04  Set hip-tripper on fish.  Beat down on fish several times - no movement.  POOH with CT.,8749285959175
DP_0039,177000010301,06/30/04,6/30/04 - RU SL.  RIH with impression block & tagged fish at 10330'.  RIH & latched & pulled fish at 10313'. Pumped 30 bbls. of KCL down tubing while pulling up to 6300'.,8749285959175
DP_0040,177000010302,07/10/04,"07/10/04:	Tested BOPs 250/5000 psi.  RIH w/5 X-line washpipe.  Cut 2-3/8 tbg @ 1648'.  POOH & LD fish.    POOH.",8749285959175
DP_0041,177000015801,07/03/04,7/3/04 - Tagged fish at 5603' & latched same.  Jarred fish free & POOH with same.  Re-dressed grapple & overshot.  Latched fish & POOH with same.,8749285959175
DP_0042,177002004401,07/09/04,07/09/2004:  Finish stripping over SL to 12450'.  Workd down over fish.  RD W/L.  LD fish.  Remove from overshot.  MU hole opener assembly.,8749285959175
DP_0043,177002004401,07/01/04,07/01/04  Fishing,8749285959175
DP_0044,177002006502,05/11/04,5/11/04 - RU SL with impression block & RIH to 10475'. POOH (impression of poor fishing neck).  RU SL with GR pulling tool with brass pin.,8749285959175
DP_0045,177004005201,06/22/04,"6/22/04 RIH, perforated, unable to POOH.  shot hole 18' above standing valve.  POOH, perforating gun parted, fish left in hole.  Perforator packed w/ sand.",8749285959175
DP_0046,177004006901,06/17/04,"06/17/04:  POOH with WS and overshot, had fish.  Shucked overshot and LD fish.",8749285959175
DP_0047,177004007801,05/30/04,05/30/04 - TIH with overshot and 6-1/2 grapple to 7446'. Worked over fish and latched. POOH with fish - recovered 100% of fish.,8749285959175
DP_0048,177004009101,05/28/04,5/28/04: Work pkr free. POOH slowly. Test BOPE. RU fishing equipment.,8749285959175
DP_0049,177004015302,05/23/04,"05/23/04: Latched onto fish @ 12,570' and jarred; unable to pull.  Serviced rig.  R/U EL.  RIH w/gauge ring to 12,715'.  Punched tubing 12,712-15'; could not pull.",8749285959175
DP_0050,177004020601,05/16/04,05/16/04: Fabricated hook from 1 pipe and fished junk out of hole.  RIH and flared stub out. RIH and tagged 5-1/2 casing stub at 496' MD.  POOH.,8749285959175
DP_0051,177004020801,02/24/06,02/24/2006 Worked WL. Held PJSM. Removed WL & RU strip pver WL. TIH w/ fishing BHA & stripped over WL. TOF @ 10232'.,8749285959175
DP_0052,177004025001,02/26/06,2/26/06 - PU overshot assembly and latched onto fish at 5939' DPM. TIH with tubing to 878' and well started flowing.,8749285959175
DP_0053,177004025901,03/01/06,03/01/06  RIH with 1-3/4 impression block to 300 WLM. Tagged top of fish at 300 WLM. RIH with 2 RS pulling tool to 300 WLM.,8749285959175
DP_0054,177004025903,02/27/06,"02/27/2006:  TIH with fishing tool on slickline and fished out gauge ring.  TIH with X test plug and set at 10,439'.  Attempted to test tubing to 8000 psi, not holding.",8749285959175
DP_0055,177004036603,03/03/06,03/03/06 - RIH with overshot & engaged fish.,8749285959175
DP_0056,177004036603,02/28/06,02/28/06 - RIH with spear & latched fish at 8190'.  POOH.  Tested BOP's.,8749285959175
DP_0057,177004037001,11/27/05,11/27/2005 - Finished POOH.  TIH with fishing assembly and recovered screen. Washed out mill out extension in sump packer.  Swept hole with HEC pill.,8749285959175
DP_0058,177004038401,03/07/06,"03/07/2006 - C&CM.  TIH stripping over WL, broke circulation and pumped out overshot 1 stand above fish.  Made several attempts to work past 8247' and latch fish.",8749285959175
DP_0059,177004042902,02/25/06,02/25/06 - RIH with fishing tool & jarred on fish.,8749285959175